﻿concept_id,concept_name,domain_id,vocabulary_id,concept_class_id,standard_concept,concept_code,valid_start_date,valid_end_date,invalid_reason
9202,Outpatient Visit,Visit,Visit,Visit,S,OP,1970-01-01,2099-12-31,
3051031,History of Hospitalizations+Outpatient visits Narrative,Observation,LOINC,Clinical Observation,S,46240-8,1970-01-01,2099-12-31,
9203,Emergency Room Visit,Visit,Visit,Visit,S,ER,1970-01-01,2099-12-31,
4329847,Myocardial infarction,Condition,SNOMED,Clinical Finding,S,22298006,1970-01-01,2099-12-31,
0,No matching concept,Metadata,None,Undefined,,No matching concept,1970-01-01,2099-12-31,
4163874,History of myocardial infarction,Observation,SNOMED,Context-dependent,S,399211009,1970-01-01,2099-12-31,
4253640,"Hospital admission, short-term, 24 hours",Observation,SNOMED,Procedure,S,74857009,1970-01-01,2099-12-31,
9201,Inpatient Visit,Visit,Visit,Visit,S,IP,1970-01-01,2099-12-31,
4324181,History of cardiac arrest,Observation,SNOMED,Context-dependent,S,429007001,2008-01-31,2099-12-31,
321042,Cardiac arrest,Condition,SNOMED,Clinical Finding,S,410429000,1970-01-01,2099-12-31,
4128597,Admission to long stay hospital,Observation,SNOMED,Procedure,S,305340004,1970-01-01,2099-12-31,
