﻿concept_id,concept_synonym_name,language_concept_id
321042,Cardiac arrest (disorder),4180186
321042,Cardiac arrest,4180186
4329847,MI - myocardial infarction,4180186
4329847,Myocardial infarction,4180186
4329847,Myocardial infarct,4180186
4329847,Cardiac infarction,4180186
4329847,Heart attack,4180186
4329847,Myocardial infarction (disorder),4180186
4329847,Infarction of heart,4180186
9203,Emergency Room Visit,4180186
0,No matching concept,4180186
4128597,Admission to long stay hospital,4180186
4128597,Admission to long stay hospital (procedure),4180186
9202,Outpatient Visit,4180186
4253640,"Hospital admission, short-term, 24 hours",4180186
4253640,"Hospital admission, short-term, 24 hours (procedure)",4180186
3051031,住院治疗史+门诊就诊史:历史记录:时间点:^患者:叙述型,4182948
3051031,Hx of Hospitalizations+OP visits,4180186
3051031,H+P; H+P.HX; History; Hospitalizations+OP visits; Narrative; OP; Outpt visits; P prime; Point in time; Random; Report,4180186
4163874,History of myocardial infarction,4180186
4163874,History of myocardial infarction (situation),4180186
4163874,Past history of myocardial infarction,4180186
4324181,History of cardiac arrest,4180186
4324181,History of cardiac arrest (situation),4180186
9201,Inpatient Visit,4180186
