﻿covariate_id,covariate_name,analysis_id,concept_id
4109685101,condition_occurrence: Laceration of foot,101,4109685
4146173101,condition_occurrence: Injury of tendon of the rotator cuff of shoulder,101,4146173
4084167101,condition_occurrence: Acute allergic reaction,101,4084167
4283893101,condition_occurrence: Sinusitis,101,4283893
80809101,condition_occurrence: Rheumatoid arthritis,101,80809
378419101,condition_occurrence: Alzheimer's disease,101,378419
37016354101,condition_occurrence: Neuropathy due to type 2 diabetes mellitus,101,37016354
4316217101,condition_occurrence: Primary fibromyalgia syndrome,101,4316217
43530652101,condition_occurrence: Chronic intractable migraine without aura,101,43530652
4152280101,condition_occurrence: Major depressive disorder,101,4152280
4035415101,condition_occurrence: Tear of meniscus of knee,101,4035415
4129902101,condition_occurrence: Neoplasm of prostate,101,4129902
261325101,condition_occurrence: Pulmonary emphysema,101,261325
4043241101,condition_occurrence: Familial Alzheimer's disease of early onset,101,4043241
4112343101,condition_occurrence: Acute viral pharyngitis,101,4112343
4217975101,condition_occurrence: Normal pregnancy,101,4217975
436940101,condition_occurrence: Metabolic syndrome X,101,436940
4280726101,condition_occurrence: Seasonal allergic rhinitis,101,4280726
4142905101,condition_occurrence: Fracture of rib,101,4142905
4059173101,condition_occurrence: Fracture of ankle,101,4059173
440086101,condition_occurrence: Child attention deficit disorder,101,440086
4311629101,condition_occurrence: Impaired glucose tolerance,101,4311629
440448101,condition_occurrence: Appendicitis,101,440448
378001101,condition_occurrence: Concussion with no loss of consciousness,101,378001
436676101,condition_occurrence: Posttraumatic stress disorder,101,436676
4229440101,condition_occurrence: Chronic congestive heart failure,101,4229440
4155034101,condition_occurrence: Laceration of forearm,101,4155034
258780101,condition_occurrence: Emphysematous bronchitis,101,258780
313217101,condition_occurrence: Atrial fibrillation,101,313217
28060101,condition_occurrence: Streptococcal sore throat,101,28060
4094814101,condition_occurrence: Bullet wound,101,4094814
4051466101,condition_occurrence: Childhood asthma,101,4051466
438130101,condition_occurrence: Opioid abuse,101,438130
4296204101,condition_occurrence: Epidermal burn of skin,101,4296204
4120314101,condition_occurrence: Hypertriglyceridemia,101,4120314
4230399101,condition_occurrence: Closed fracture of hip,101,4230399
443601101,condition_occurrence: Chronic kidney disease stage 2,101,443601
40486433101,condition_occurrence: Perennial allergic rhinitis,101,40486433
197500101,condition_occurrence: Primary malignant neoplasm of colon,101,197500
4237458101,condition_occurrence: Fracture of clavicle,101,4237458
4296205101,condition_occurrence: Partial thickness burn,101,4296205
4309027101,condition_occurrence: Idiopathic atrophic hypothyroidism,101,4309027
4282096101,"condition_occurrence: Major depression, single episode",101,4282096
37017023101,condition_occurrence: Recurrent rectal polyp,101,37017023
78272101,condition_occurrence: Sprain of wrist,101,78272
4152936101,condition_occurrence: Laceration of thigh,101,4152936
198809101,condition_occurrence: Acute cholecystitis,101,198809
4156265101,condition_occurrence: Facial laceration,101,4156265
80502101,condition_occurrence: Osteoporosis,101,80502
432867101,condition_occurrence: Hyperlipidemia,101,432867
4149245101,condition_occurrence: Rupture of patellar tendon,101,4149245
4055754101,condition_occurrence: Impacted molars,101,4055754
439393101,condition_occurrence: Pre-eclampsia,101,439393
4113008101,condition_occurrence: Laceration of hand,101,4113008
45769905101,condition_occurrence: Microalbuminuria due to type 2 diabetes mellitus,101,45769905
257012101,condition_occurrence: Chronic sinusitis,101,257012
440674101,condition_occurrence: Gout,101,440674
4294548101,condition_occurrence: Acute bacterial sinusitis,101,4294548
45770830101,condition_occurrence: Macular edema and retinopathy due to type 2 diabetes mellitus,101,45770830
199076101,condition_occurrence: Tubal pregnancy,101,199076
375671101,condition_occurrence: Concussion with loss of consciousness,101,375671
133834101,condition_occurrence: Atopic dermatitis,101,133834
4180790101,condition_occurrence: Malignant tumor of colon,101,4180790
317576101,condition_occurrence: Coronary arteriosclerosis,101,317576
439777101,condition_occurrence: Anemia,101,439777
4048171101,condition_occurrence: Perennial allergic rhinitis with seasonal variation,101,4048171
4278672101,condition_occurrence: Fracture of forearm,101,4278672
40481087101,condition_occurrence: Viral sinusitis,101,40481087
4134304101,condition_occurrence: Fracture subluxation of wrist,101,4134304
81151101,condition_occurrence: Sprain of ankle,101,81151
40318618101,condition_occurrence: Complete miscarriage,101,40318618
4226121101,condition_occurrence: Retinopathy with type 2 diabetes mellitus,101,4226121
4285898101,condition_occurrence: Polyp of colon,101,4285898
200970101,condition_occurrence: Carcinoma in situ of prostate,101,200970
316866101,condition_occurrence: Hypertensive disorder,101,316866
4218106101,condition_occurrence: Alcoholism,101,4218106
43530656101,condition_occurrence: Nonproliferative diabetic retinopathy due to type 2 diabetes mellitus,101,43530656
4056621101,condition_occurrence: Recurrent urinary tract infection,101,4056621
137613101,condition_occurrence: Eclampsia in pregnancy,101,137613
196456101,condition_occurrence: Gallstone,101,196456
45757499101,condition_occurrence: Proteinuria due to type 2 diabetes mellitus,101,45757499
201826101,condition_occurrence: Type 2 diabetes mellitus,101,201826
4116491101,condition_occurrence: Escherichia coli urinary tract infection,101,4116491
79740101,condition_occurrence: Overlapping malignant neoplasm of colon,101,79740
4262136101,condition_occurrence: Blighted ovum,101,4262136
260139101,condition_occurrence: Acute bronchitis,101,260139
134438101,condition_occurrence: Contact dermatitis,101,134438
4218389101,condition_occurrence: Whiplash injury to neck,101,4218389
321042101,condition_occurrence: Cardiac arrest,101,321042
75036101,"condition_occurrence: Localized, primary osteoarthritis of the hand",101,75036
40479422101,condition_occurrence: Injury of medial collateral ligament of knee,101,40479422
40480160101,condition_occurrence: Pathological fracture due to osteoporosis,101,40480160
195588101,condition_occurrence: Cystitis,101,195588
372328101,condition_occurrence: Otitis media,101,372328
4078393101,condition_occurrence: Miscarriage in first trimester,101,4078393
443614101,condition_occurrence: Chronic kidney disease stage 1,101,443614
4029498101,condition_occurrence: Seizure disorder,101,4029498
4166224101,condition_occurrence: Rupture of appendix,101,4166224
4079750101,condition_occurrence: Osteoarthritis of knee,101,4079750
4214376101,condition_occurrence: Hyperglycemia,101,4214376
4329847101,condition_occurrence: Myocardial infarction,101,4329847
381316101,condition_occurrence: Cerebrovascular accident,101,381316
255848101,condition_occurrence: Pneumonia,101,255848
4208104101,condition_occurrence: Drug overdose,101,4208104
436096101,condition_occurrence: Chronic pain,101,436096
4079749101,condition_occurrence: Osteoarthritis of hip,101,4079749
43530685101,condition_occurrence: Proliferative retinopathy with type 2 diabetes mellitus,101,43530685
192279101,condition_occurrence: Kidney disorder due to diabetes mellitus,101,192279
40479768101,condition_occurrence: Injury of anterior cruciate ligament,101,40479768
443597101,condition_occurrence: Chronic kidney disease stage 3,101,443597
40481948501,procedure_occurrence: Detection of chromosomal aneuploidy in prenatal amniotic fluid specimen using FISH screening technique,501,40481948
4186930501,procedure_occurrence: Replacement of intrauterine contraceptive device,501,4186930
43054909701,measurement: Tobacco smoking status,701,43054909
3027970701,measurement: Globulin [Mass/volume] in Serum by calculation,701,3027970
3030354701,measurement: Glomerular filtration rate/1.73 sq M.predicted [Volume Rate/Area] in Serum or Plasma by Creatinine-based formula (MDRD),701,3030354
4168615701,measurement: Hepatitis B surface antigen measurement,701,4168615
3014051701,measurement: Protein [Presence] in Urine by Test strip,701,3014051
3014094701,"measurement: Carbon dioxide, total [Moles/volume] in Blood",701,3014094
3006734701,measurement: White Oak IgE Ab [Units/volume] in Serum,701,3006734
3018834701,measurement: Bilirubin.total [Presence] in Urine by Test strip,701,3018834
3021601701,measurement: Nitrite [Presence] in Urine by Test strip,701,3021601
3009542701,measurement: Hematocrit [Volume Fraction] of Blood,701,3009542
3000285701,measurement: Sodium [Moles/volume] in Blood,701,3000285
4018595701,measurement: Measurement of Varicella-zoster virus antibody,701,4018595
3020655701,measurement: Honey bee IgE Ab [Units/volume] in Serum,701,3020655
3028833701,measurement: Bilirubin.total [Mass/volume] in Blood,701,3028833
4149631701,measurement: Chlamydia antigen test,701,4149631
3000876701,measurement: Codfish IgE Ab [Units/volume] in Serum,701,3000876
3029187701,measurement: Natriuretic peptide.B prohormone N-Terminal [Mass/volume] in Serum or Plasma,701,3029187
3023314701,measurement: Hematocrit [Volume Fraction] of Blood by Automated count,701,3023314
3012494701,measurement: Peanut IgE Ab [Units/volume] in Serum,701,3012494
3006322701,measurement: Oral temperature,701,3006322
4052083701,measurement: Measurement of respiratory function,701,4052083
3006906701,measurement: Calcium [Mass/volume] in Serum or Plasma,701,3006906
3009261701,measurement: Glucose [Presence] in Urine by Test strip,701,3009261
3004410701,measurement: Hemoglobin A1c/Hemoglobin.total in Blood,701,3004410
3012888701,measurement: Diastolic blood pressure,701,3012888
3021226701,measurement: Shrimp IgE Ab [Units/volume] in Serum,701,3021226
3030315701,measurement: Polyp size greatest dimension,701,3030315
4304821701,measurement: Streptococcus pneumoniae group B antigen assay,701,4304821
3000483701,measurement: Glucose [Mass/volume] in Blood,701,3000483
4133840701,measurement: Spirometry,701,4133840
3023430701,measurement: Cat dander IgE Ab [Units/volume] in Serum,701,3023430
3045716701,measurement: Anion gap in Serum or Plasma,701,3045716
43055141701,measurement: Pain severity - 0-10 verbal numeric rating [Score] - Reported,701,43055141
3051031701,measurement: History of Hospitalizations+Outpatient visits Narrative,701,3051031
3005897701,measurement: Protein [Mass/volume] in Urine by Test strip,701,3005897
3015182701,measurement: Erythrocyte distribution width [Entitic volume] by Automated count,701,3015182
3002385701,measurement: Erythrocyte distribution width [Ratio],701,3002385
3006513701,measurement: Bilirubin.total [Mass/volume] in Urine by Test strip,701,3006513
3007461701,measurement: Platelets [#/volume] in Blood,701,3007461
4149386701,measurement: Urine screening for glucose,701,4149386
3001802701,measurement: Microalbumin/Creatinine [Mass Ratio] in Urine,701,3001802
3004501701,measurement: Glucose [Mass/volume] in Serum or Plasma,701,3004501
3051825701,measurement: Creatinine [Mass/volume] in Blood,701,3051825
4018603701,"measurement: Hepatitis C antibody, confirmatory test",701,4018603
3038553701,measurement: Body mass index (BMI) [Ratio],701,3038553
3007876701,measurement: Appearance of Urine,701,3007876
40766240701,measurement: Are you covered by health insurance or some other kind of health care plan [PhenX],701,40766240
4024958701,measurement: Throat culture,701,4024958
3014576701,measurement: Chloride [Moles/volume] in Serum or Plasma,701,3014576
3024929701,measurement: Platelets [#/volume] in Blood by Automated count,701,3024929
3009966701,measurement: Cholesterol in LDL [Mass/volume] in Serum or Plasma by Direct assay,701,3009966
3000348701,measurement: Leukocyte esterase [Presence] in Urine by Test strip,701,3000348
3027114701,measurement: Cholesterol [Mass/volume] in Serum or Plasma,701,3027114
3035350701,measurement: Ketones [Presence] in Urine by Test strip,701,3035350
4258677701,measurement: Blood group typing,701,4258677
3024629701,measurement: Glucose [Mass/volume] in Urine by Test strip,701,3024629
3013603701,measurement: Prostate specific Ag [Mass/volume] in Serum or Plasma,701,3013603
4015052701,"measurement: Hemogram, automated, with RBC, WBC, Hgb, Hct, Indices, Platelet count, and manual WBC differential",701,4015052
3043111701,measurement: Platelet mean volume [Entitic volume] in Blood by Automated count,701,3043111
3009744701,measurement: MCHC [Mass/volume] by Automated count,701,3009744
3015076701,measurement: Soybean IgE Ab [Units/volume] in Serum,701,3015076
3004249701,measurement: Systolic blood pressure,701,3004249
3000330701,measurement: Specific gravity of Urine by Test strip,701,3000330
3005456701,measurement: Potassium [Moles/volume] in Blood,701,3005456
4060266701,measurement: Antenatal RhD antibody screening,701,4060266
3051673701,measurement: US Guidance for biopsy of Prostate,701,3051673
3010813701,measurement: Leukocytes [#/volume] in Blood,701,3010813
4041881701,measurement: Urine protein test,701,4041881
3020416701,measurement: Erythrocytes [#/volume] in Blood by Automated count,701,3020416
4102154701,"measurement: Skin test for tuberculosis, Tine test",701,4102154
3001488701,measurement: Cow milk IgE Ab [Units/volume] in Serum,701,3001488
3011505701,measurement: FEV1/FVC,701,3011505
3015632701,"measurement: Carbon dioxide, total [Moles/volume] in Serum or Plasma",701,3015632
42529398701,measurement: Mental health Telehealth Note,701,42529398
3005136701,measurement: Cladosporium herbarum IgE Ab [Units/volume] in Serum,701,3005136
3025315701,measurement: Body weight,701,3025315
4033233701,measurement: Peripheral blood smear interpretation,701,4033233
3000905701,measurement: Leukocytes [#/volume] in Blood by Automated count,701,3000905
21494966701,measurement: Physical findings of Abdomen by Palpation,701,21494966
3023599701,measurement: MCV [Entitic volume] by Automated count,701,3023599
3019406701,measurement: Latex IgE Ab [Units/volume] in Serum,701,3019406
3000963701,measurement: Hemoglobin [Mass/volume] in Blood,701,3000963
44786664701,measurement: Weight difference [Mass difference] --pre dialysis - post dialysis,701,44786664
4014117701,measurement: Gonorrhea infection titer test,701,4014117
3027172701,measurement: Left ventricular Ejection fraction,701,3027172
46235010701,measurement: Mental health Outpatient Note,701,46235010
4136494701,measurement: HIV antigen test,701,4136494
3027231701,measurement: Wheat IgE Ab [Units/volume] in Serum,701,3027231
3002736701,measurement: Platelet distribution width [Entitic volume] in Blood by Automated count,701,3002736
4078285701,measurement: Alpha-fetoprotein test - antenatal,701,4078285
46235214701,measurement: Sexual orientation,701,46235214
4024509701,measurement: Urine culture,701,4024509
3024731701,measurement: MCV [Entitic volume],701,3024731
3014902701,measurement: Physical findings of Prostate,701,3014902
3036277701,measurement: Body height,701,3036277
3006923701,measurement: Alanine aminotransferase [Enzymatic activity/volume] in Serum or Plasma,701,3006923
3019550701,measurement: Sodium [Moles/volume] in Serum or Plasma,701,3019550
3023539701,measurement: Ketones [Mass/volume] in Urine by Test strip,701,3023539
3008204701,measurement: Clarity of Urine,701,3008204
3016723701,measurement: Creatinine [Mass/volume] in Serum or Plasma,701,3016723
3018572701,measurement: Chloride [Moles/volume] in Blood,701,3018572
3022192701,measurement: Triglyceride [Mass/volume] in Serum or Plasma,701,3022192
4091461701,measurement: Standard pregnancy test,701,4091461
3024561701,measurement: Albumin [Mass/volume] in Serum or Plasma,701,3024561
3012030701,measurement: MCH [Entitic mass] by Automated count,701,3012030
4191851701,measurement: Urine screening test for diabetes,701,4191851
4335825501,procedure_occurrence: Transthoracic echocardiography,501,4335825
4187458501,procedure_occurrence: Review of systems,501,4187458
4128031501,procedure_occurrence: Instrumental delivery,501,4128031
4059978501,procedure_occurrence: Insertion of subcutaneous contraceptive,501,4059978
4323902501,procedure_occurrence: Lung volume reduction surgery,501,4323902
4301557501,procedure_occurrence: Mental health screening,501,4301557
4163708501,"procedure_occurrence: Vaccination for diphtheria, pertussis, and tetanus",501,4163708
4234541501,"procedure_occurrence: Cytopathology procedure, preparation of smear, genital source",501,4234541
4021192501,procedure_occurrence: Suicide risk assessment,501,4021192
4125906501,procedure_occurrence: Suture open wound,501,4125906
4015590501,procedure_occurrence: Counseling for termination of pregnancy,501,4015590
45766298501,procedure_occurrence: Combined chemotherapy and radiation therapy,501,45766298
4150653501,procedure_occurrence: Fetal anatomy study,501,4150653
4235738501,procedure_occurrence: Prostatectomy,501,4235738
4202451501,procedure_occurrence: Percutaneous mechanical thrombectomy of portal vein using fluoroscopic guidance,501,4202451
4326177501,procedure_occurrence: Medication Reconciliation,501,4326177
4060626501,procedure_occurrence: Ultrasound scan for fetal viability,501,4060626
40492359501,procedure_occurrence: Insertion of biventricular implantable cardioverter defibrillator,501,40492359
4078199501,procedure_occurrence: Epidural anesthesia,501,4078199
4293740501,procedure_occurrence: Injection of tetanus antitoxin,501,4293740
44805732501,procedure_occurrence: Reinsertion of subcutaneous contraceptive,501,44805732
4163971501,procedure_occurrence: Laparoscopic cholecystectomy,501,4163971
4075363501,procedure_occurrence: Auscultation of the fetal heart,501,4075363
4336464501,procedure_occurrence: Coronary artery bypass graft,501,4336464
4151422501,procedure_occurrence: Sputum examination,501,4151422
4252419501,procedure_occurrence: Radiologic examination of knee,501,4252419
4058899501,procedure_occurrence: Plain X-ray of clavicle,501,4058899
4163872501,procedure_occurrence: Plain chest X-ray,501,4163872
4337138501,procedure_occurrence: Transplant of lung,501,4337138
4199276501,procedure_occurrence: Removal of subcutaneous contraceptive,501,4199276
4145310501,procedure_occurrence: Pelvis X-ray,501,4145310
4216130501,procedure_occurrence: Percutaneous coronary intervention,501,4216130
4202832501,procedure_occurrence: Intubation,501,4202832
4170947501,procedure_occurrence: Bone immobilization,501,4170947
4163951501,procedure_occurrence: Electrocardiographic procedure,501,4163951
4238715501,procedure_occurrence: Removal of intrauterine device,501,4238715
4275113501,procedure_occurrence: Insertion of intrauterine contraceptive device,501,4275113
4107731501,procedure_occurrence: Subcutaneous immunotherapy,501,4107731
4024289501,procedure_occurrence: Radiography of ankle,501,4024289
4195803501,procedure_occurrence: Bone density scan,501,4195803
4061811501,procedure_occurrence: Rubella screening,501,4061811
4181781501,procedure_occurrence: Partial resection of colon,501,4181781
4168236501,procedure_occurrence: Evaluation of uterine fundal height,501,4168236
4064377501,procedure_occurrence: Depression screening,501,4064377
4015701501,procedure_occurrence: Cesarean section,501,4015701
4197460501,procedure_occurrence: Injection of epinephrine,501,4197460
4062501501,procedure_occurrence: Asthma screening,501,4062501
4010253501,procedure_occurrence: Nasal sinus endoscopy,501,4010253
4249893501,procedure_occurrence: Colonoscopy,501,4249893
4037675501,procedure_occurrence: Brief general examination,501,4037675
4243062501,procedure_occurrence: Radiography of wrist,501,4243062
4199458501,procedure_occurrence: Passive immunization,501,4199458
4146536501,procedure_occurrence: Renal dialysis,501,4146536
4276519501,procedure_occurrence: Extraction of wisdom tooth,501,4276519
44783196501,procedure_occurrence: Surgical manipulation of joint of knee,501,44783196
4311671501,procedure_occurrence: Episiotomy,501,4311671
4117038501,procedure_occurrence: Bilateral tubal ligation,501,4117038
4166761501,procedure_occurrence: Rectal polypectomy,501,4166761
4195136501,procedure_occurrence: Amputation above-knee,501,4195136
4057420501,procedure_occurrence: Catheter ablation of tissue of heart,501,4057420
4078793501,procedure_occurrence: Direct current cardioversion,501,4078793
4127260501,procedure_occurrence: Augmentation of labor,501,4127260
4035793501,procedure_occurrence: Pulmonary rehabilitation,501,4035793
4240345501,procedure_occurrence: Physical examination,501,4240345
4294513501,procedure_occurrence: Biopsy of colon,501,4294513
4191853501,procedure_occurrence: Allergy screening test,501,4191853
37018340501,procedure_occurrence: Induced termination of pregnancy,501,37018340
4295880501,procedure_occurrence: Intramuscular injection,501,4295880
4254766501,procedure_occurrence: Digital examination of rectum,501,4254766
4043071501,procedure_occurrence: Cognitive and behavioral therapy,501,4043071
4150970501,procedure_occurrence: Medical induction of labor,501,4150970
4198190501,procedure_occurrence: Appendectomy,501,4198190
37395717501,procedure_occurrence: Depression screening using PHQ-9 (Patient Health Questionnaire 9) score,501,37395717
4242997501,procedure_occurrence: Cholecystectomy,501,4242997
40493226501,procedure_occurrence: Excision of fallopian tube and surgical removal of ectopic pregnancy,501,40493226
4278515501,procedure_occurrence: Biopsy of prostate,501,4278515
4047491501,procedure_occurrence: Radiography of humerus,501,4047491
4181917501,procedure_occurrence: Electroencephalogram,501,4181917
4301346501,procedure_occurrence: Surgical manipulation of shoulder joint,501,4301346
4108705501,procedure_occurrence: Intravenous blood transfusion of packed cells,501,4108705
3020630701,measurement: Protein [Mass/volume] in Serum or Plasma,701,3020630
40761014701,measurement: Hemoglobin.gastrointestinal.lower [Presence] in Stool by Immunoassay --1st specimen,701,40761014
3013682701,measurement: Urea nitrogen [Mass/volume] in Serum or Plasma,701,3013682
3049273701,measurement: DXA Radius and Ulna [T-score] Bone density,701,3049273
3007070701,measurement: Cholesterol in HDL [Mass/volume] in Serum or Plasma,701,3007070
3013721701,measurement: Aspartate aminotransferase [Enzymatic activity/volume] in Serum or Plasma,701,3013721
3026361701,measurement: Erythrocytes [#/volume] in Blood,701,3026361
3036780701,measurement: American house dust mite IgE Ab [Units/volume] in Serum,701,3036780
3014599701,measurement: Egg white IgE Ab [Units/volume] in Serum,701,3014599
3011397701,measurement: Hemoglobin [Presence] in Urine by Test strip,701,3011397
4151408701,measurement: Syphilis infectious titer test,701,4151408
3023103701,measurement: Potassium [Moles/volume] in Serum or Plasma,701,3023103
3027162701,measurement: Color of Urine,701,3027162
3004295701,measurement: Urea nitrogen [Mass/volume] in Blood,701,3004295
3035995701,measurement: Alkaline phosphatase [Enzymatic activity/volume] in Serum or Plasma,701,3035995
3024128701,measurement: Bilirubin.total [Mass/volume] in Serum or Plasma,701,3024128
3032503701,measurement: Calcium [Mass/volume] in Blood,701,3032503
3022621701,measurement: pH of Urine by Test strip,701,3022621
3006451701,measurement: Walnut IgE Ab [Units/volume] in Serum,701,3006451
3001247701,measurement: Common Ragweed IgE Ab [Units/volume] in Serum,701,3001247
40758406701,measurement: HIV status,701,40758406
1759842401,drug_era: Clavulanate,401,1759842
1326303401,drug_era: Digoxin,401,1326303
1174888401,drug_era: Hydrocodone,401,1174888
1124957401,drug_era: Oxycodone,401,1124957
1557272401,drug_era: Alendronate,401,1557272
1309944401,drug_era: Amiodarone,401,1309944
1125315401,drug_era: Acetaminophen,401,1125315
782043401,drug_era: Isoflurane,401,782043
739138401,drug_era: Sertraline,401,739138
753626401,drug_era: Propofol,401,753626
19080226401,drug_era: milnacipran,401,19080226
715997401,drug_era: donepezil,401,715997
1728416401,drug_era: Penicillin G,401,1728416
920293401,drug_era: Nitrofurantoin,401,920293
1746114401,drug_era: Piperacillin,401,1746114
705944401,drug_era: Methylphenidate,401,705944
967823401,drug_era: Sodium Chloride,401,967823
974166401,drug_era: Hydrochlorothiazide,401,974166
1551099401,drug_era: Prednisone,401,1551099
1154029401,drug_era: Fentanyl,401,1154029
740275401,drug_era: Carbamazepine,401,740275
1347450401,drug_era: alteplase,401,1347450
1112807401,drug_era: Aspirin,401,1112807
1318011401,drug_era: oxaliplatin,401,1318011
1515774401,drug_era: norgestimate,401,1515774
1153428401,drug_era: fexofenadine,401,1153428
708298401,drug_era: Midazolam,401,708298
975125401,drug_era: Hydrocortisone,401,975125
723013401,drug_era: Diazepam,401,723013
1307863401,drug_era: Verapamil,401,1307863
1713332401,drug_era: Amoxicillin,401,1713332
738818401,drug_era: Doxylamine,401,738818
1167322401,drug_era: Allopurinol,401,1167322
1110410401,drug_era: Morphine,401,1110410
1550023401,drug_era: Insulin Lispro,401,1550023
19054876401,drug_era: dienogest,401,19054876
1501700401,drug_era: levothyroxine,401,1501700
1315942401,drug_era: docetaxel,401,1315942
1388796401,drug_era: Leucovorin,401,1388796
1101554401,drug_era: Colchicine,401,1101554
755695401,drug_era: Fluoxetine,401,755695
1307046401,drug_era: Metoprolol,401,1307046
1150836401,drug_era: Terfenadine,401,1150836
1332418401,drug_era: Amlodipine,401,1332418
1595799401,drug_era: Ferrous fumarate,401,1595799
1310149401,drug_era: Warfarin,401,1310149
1396131401,drug_era: ferrous sulfate,401,1396131
1589505401,drug_era: Levonorgestrel,401,1589505
1343916401,drug_era: Epinephrine,401,1343916
1549786401,drug_era: Ethinyl Estradiol,401,1549786
19078219401,drug_era: Sufentanil,401,19078219
1351541401,drug_era: Leuprolide,401,1351541
1322184401,drug_era: clopidogrel,401,1322184
1150770401,drug_era: Astemizole,401,1150770
718583401,drug_era: Nicotine,401,718583
1503184401,drug_era: Mestranol,401,1503184
1596977401,"drug_era: Regular Insulin, Human",401,1596977
1154343401,drug_era: Albuterol,401,1154343
933724401,drug_era: Phenazopyridine,401,933724
1000560401,drug_era: Ondansetron,401,1000560
1521369401,drug_era: Norethindrone,401,1521369
19003953401,drug_era: Rocuronium,401,19003953
956874401,drug_era: Furosemide,401,956874
1192710401,drug_era: Chlorpheniramine,401,1192710
715259401,drug_era: duloxetine,401,715259
1115008401,drug_era: Naproxen,401,1115008
1519936401,drug_era: Etonogestrel,401,1519936
1107830401,drug_era: Loratadine,401,1107830
46221581401,"drug_era: insulin, isophane",401,46221581
19039298401,drug_era: sevoflurane,401,19039298
1137529401,drug_era: salmeterol,401,1137529
1129625401,drug_era: Diphenhydramine,401,1129625
914335401,drug_era: Atropine,401,914335
43526465401,drug_era: canagliflozin,401,43526465
1301125401,drug_era: Epoetin Alfa,401,1301125
1738521401,drug_era: Doxycycline,401,1738521
742185401,drug_era: atomoxetine,401,742185
1503297401,drug_era: Metformin,401,1503297
1102527401,drug_era: Meperidine,401,1102527
1548195401,drug_era: Estradiol,401,1548195
1361711401,drug_era: Nitroglycerin,401,1361711
1512674401,drug_era: drospirenone,401,1512674
1729720401,drug_era: Penicillin V,401,1729720
1539403401,drug_era: Simvastatin,401,1539403
1119510401,drug_era: Dextromethorphan,401,1119510
701322401,drug_era: Memantine,401,701322
40170911401,drug_era: liraglutide,401,40170911
1500211401,drug_era: Medroxyprogesterone,401,1500211
1741122401,drug_era: tazobactam,401,1741122
1545958401,drug_era: atorvastatin,401,1545958
734354401,drug_era: pregabalin,401,734354
1778162401,drug_era: Cefuroxime,401,1778162
1177480401,drug_era: Ibuprofen,401,1177480
1518198401,drug_era: norelgestromin,401,1518198
19127890401,drug_era: Inert Ingredients,401,19127890
1149380401,drug_era: fluticasone,401,1149380
757627401,drug_era: Galantamine,401,757627
